Business Name,Address,Phone Number,Email,Pruning/Removal Services,Plant Health Care,Financing Plans Available,Citation,Notes,
285 Tree Service Inc,"499 Chuckling Creek Rd, Bailey, CO 80421",(303) 704‑2749,285treeservice@gmail.com,TRUE,TRUE,FALSE,"https://www.285treeservice.com, https://www.285treeservice.com/contact-us",Only one location. Health-care services via pest page.,
Four Seasons Tree Service & Landscaping,"2675 W Bates Ave, Denver, CO 80236",(303) 761‑5336,NCBLUE317@YAHOO.COM,TRUE,TRUE,FALSE,"https://www.mapquest.com/us/colorado/four-seasons-tree-service-9998087, https://www.yellowpages.com/denver-co/four-seasons-tree-service, https://www.bbb.org/us/co/denver/profile/landscape-contractors/four-seasons-tree-service-landscaping-1296-90249314, https://www.fstci.com/about-us",No mention of financing; pruning and plant health services confirmed.,
A & R Tree Service,"634 S Stuart St, Denver, CO 80219",(720) 413‑2233,rojito96@gmail.com,TRUE,FALSE,FALSE,"https://www.homeadvisor.com/rated.ARTreeService.70854919, https://www.bbb.org/us/co/denver/profile/tree-planting/a-r-tree-services-1296-90262455, https://start.cortera.com/company/research/l8m0sxr9p/a--r-tree-services-llc",No online mention of plant healthcare or financing plans.,
A Guy and His Tractor LLC,"12149 N Piney Lake Rd, Parker, CO 80138",(303) 841‑4892,tractor@myedl.com,FALSE,FALSE,FALSE,"https://www.cylex.us.com/company/a-guy---his-tractor-31598363.html, https://www.homeyou.com/a-guy-and-his-tractor-llc-tree-and-land-services-elizabeth-co, https://www.towncontractors.com/a-guy-and-his-tractor-llc-tree-and-land-services-masons-elizabeth-co-80107",Appears focused on land/demolition; no tree health or pruning services clear; two possible addresses.,
A Touch of Class Tree Service Inc,"191 University Blvd #238, Denver, CO 80209",(720) 707‑1216,stauter@atouchofclasstreeservice.com,TRUE,TRUE,FALSE,"https://www.chamberofcommerce.com/business-directory/colorado/denver/tree-service/1329040362-a-touch-of-class-tree-service, https://www.bbb.org/us/co/arvada/profile/tree-removal/a-touch-of-class-tree-service-inc-1296-1000107006, https://atouchofclasstreeservice.com, https://atouchofclasstreeservice.com/contacts","Confirmed pruning, removal, and health services; official email found.",
ABSOLUTE TREE CARE LLC,"3405 W Powers Pl, Littleton, CO 80123",(720) 213‑5957,info@absolutetreecarecolorado.com,TRUE,TRUE,FALSE,"https://absolutetreecarecolorado.com, https://www.mapquest.com/us/colorado/absolute-tree-care-377744508, https://colorado-corp.com/co/absolute-tree-care-llc",Confirmed address from business directory and MapQuest; plant health services described; fallback original CSV used for license,
Academy Arborist,"3734 Alcott St, Denver, CO 80211",(720) 229‑3793,arboricalscientist@gmail.com,TRUE,TRUE,FALSE,"https://www.chamberofcommerce.com/united-states/colorado/denver/arborist-and-tree-surgeon/2004877657-academy-arborist, https://cdnsm5-hosted.civiclive.com/UserFiles/Servers/Server_1881137/Image/Departments/PROS/Forestry/Aurora%20Forestry%20-%20Licensed%20Arborists%20and%20Contact%20Information%20as%20of%2006-17-2020.pdf",Address verified via ChamberOfCommerce and city licensing pdf; plant healthcare and trimming services confirmed,
ACE Tree Service LLC,"9471 Vance Ct, Broomfield, CO 80021",(720) 556‑4922,acetreeservicedenver@gmail.com,TRUE,TRUE,FALSE,"https://www.opencorporates.com/companies/us_co/20161479782, https://www.acetreedenver.com/services",Registered principal address via state record; services/pruning and plant health care confirmed,
"ACME Tree Service, Inc","5370 Magnolia St, Commerce City, CO 80022",(303) 288‑8821,patricia2699@aol.com,TRUE,TRUE,FALSE,"https://www.mapquest.com/us/colorado/acme-tree-service-9921156, https://www.chamberofcommerce.com/united‑states/colorado/commerce‑city/tree‑service/1368937‑acme‑tree‑service","Commerce City location confirmed; pruning, removal, spraying services listed",
Adams Tree Care LLC,"2577 S Oswego St, Aurora, CO 80014",(303) 301‑5230,josh@adamstreecarecolorado.com,TRUE,TRUE,FALSE,"https://www.mapquest.com/us/colorado/adams-tree-care-422761938, https://adamstreecarecolorado.com",Address confirmed in business directory; plant health care and pruning services advertised,
Aesthetic Tree Service Inc,"2820 S Holly Pl, Denver, CO 80222","(303) 756‑8660",jeffopgenorth@comcast.net,TRUE,TRUE,FALSE,"https://www.mapquest.com/us/colorado/aesthetic-tree-service-inc-417497249, https://www.chamberofcommerce.com/business-directory/colorado/denver/tree-service/2004373411-aesthetic-tree-service-inc","Family‑owned; pruning, trimming, disease management services."
Altitude Arborist LLC,"1480 W 134th Pl, Westminster, CO 80234","(303) 252‑0818","altitudearborist@gmail.com",TRUE,TRUE,FALSE,"https://altitudearborist.com/contact-us, https://altitudearborist.com/services, https://www.mapquest.com/us/colorado/altitude-arborist-371157951","Full service tree care including stump grinding and health programs."
American Tree,"17355 W 57th Ave, Golden, CO 80403","(303) 456‑6898","MANDI@americantreecolorado.com",TRUE,TRUE,FALSE,"https://www.chamberofcommerce.com/business-directory/colorado/golden/tree-service/1665869-american-tree, https://www.mapquest.com/us/colorado/american-tree-10015335, https://www.bbb.org/us/co/golden/profile/tree-planting/american-tree-1296-1000106198","Tree planting, pruning, spraying included; BBB‑accredited."
Arbor Force,"4433 S Santa Fe Dr, Englewood, CO 80110","(303) 472‑0192","joe@arborforce.net",TRUE,TRUE,FALSE,"https://www.chamberofcommerce.com/business-directory/colorado/englewood/tree-service/39070510-arborforce-llc, https://arborforce.com/, https://www.bbb.org/us/co/englewood/profile/tree-planting/arborforce‑llc‑1296‑90138105","Commercial arborist and debris removal; plant health care services."
Arbor Mountain Tree Experts,"2510 S Julian St, Denver, CO 80219","(720) 270‑0110","arbormountaintreeexperts@gmail.com",TRUE,TRUE,FALSE,"https://www.mapquest.com/us/colorado/arbor-mountain-tree-experts-350770392, https://reachbusinesses.com/co/entity/arbor-mountain-tree-experts-corp-delinquent-june-1-2017, https://www.buildzoom.com/contractor/arbor-mountain-tree-experts","Removals, pruning, pest control; registered corporate address confirmed."
Arbor Roots LLC,"13650 W 51st Pl, Arvada, CO 80002","(303) 931‑4639","caleb@arborroots.com",TRUE,TRUE,FALSE,"https://www.allbiz.com/business/arbor-roots-llc-303-931-4639, http://www.arborroots.com/","ISA arborists; full plant health care services."
Arbor Tech LLC,"4704 Cody St, Wheat Ridge, CO 80033","(303) 279‑9337","donald@arbortechtree.net",TRUE,TRUE,FALSE,"https://www.mapquest.com/us/colorado/arbor-tech-443821251, https://www.bizofco.com/co/arbor-tech-llc, https://arbortechtreeco.com/","Tree trimming, removal, storm services; principal office registered here."
Arborist Alliance Tree Service,"12360 W 49th Pl, Wheat Ridge, CO 80033","(303) 423‑8733","info@arboristalliance.com",TRUE,TRUE,FALSE,"https://www.chamberofcommerce.com/business-directory/colorado/wheat-ridge/tree-service/2024556626-arborist-alliance, https://arboristalliance.com/services, https://www.mapquest.com/us/colorado/arborist-alliance-358484009","Complete pruning and plant health care; service area Denver‑metro."
Arborist Prime LLC,"[Address not found]","(720) 229‑4398","james@arboristprimellc.com",TRUE,TRUE,FALSE,"Local directories","No verified business address found; fallback contact info."
ArborScape,"[Address not found]","(303) 806‑8733","contact@arborscapeservices.com",TRUE,TRUE,FALSE,"Local directories","No public street address; service area Denver‑metro."
Artistry Pruning Service,"[Address not found]","(303) 388‑8946","dougmcilrath@gmail.com",TRUE,FALSE,FALSE,"Local directories","Likely home‑based or mobile; focused strictly on pruning."
ASPLUNDH TREE EXPERT LLC,"[Multiple corporate offices]","(303) 868‑3283","CREDMOND@ASPLUNDH.COM",TRUE,TRUE,TRUE,"https://asplundh.com/tree-care","National firm; offers financing plans."
AUTUMN TREE LAWN LANDSCAPE,"[No verified address]","(303) 868‑3164","info@autumntreell.com",TRUE,TRUE,FALSE,"https://autumntreell.com/services","Service area Denver macro."
Bailey Tree Service,"[No precise street info]","(720) 940‑6519","baileytreetrimming@gmail.com",TRUE,FALSE,FALSE,"Local listings","Mobile/trimming service; no public office address."
Bartlett Tree Experts,"2000 S Quebec St, Denver, CO 80231","(303) 770‑4155","CPLUMLEY@BARTLETT.COM",TRUE,TRUE,TRUE,"https://www.bartlett.com/services","Corporate arborist; financing available."
Bear Creek Landscaping & Tree Service,"10602 W Ida Pl, Littleton, CO 80127","(720) 299‑1409","info@bearcreektreeservice.com",TRUE,TRUE,FALSE,"https://www.mapquest.com/us/colorado/bear-creek-tree-service-453348624, https://bearcreektreeservice.com/service-areas/littleton-co, https://bearcreektreeservice.com/About-Us","Official service area and address confirmed; full pruning and plant health care offerings"
BEETLE BUSTERS LLC,"7826 S University Way, Littleton, CO 80122","(970) 682‑0313","BEETLEBILL@YAHOO.COM",TRUE,TRUE,FALSE,"https://www.mapquest.com/us/colorado/beetle-busters-650586044, https://www.homeadvisor.com/rated.BeetleBustersLLC.31659992.html, https://www.bbb.org/us/co/centennial/profile/tree-removal/beetle-busters-llc-1296-90268473","Plant health care (Ash Borer injections) and insect control services confirmed; no financing mentioned"
Big Leaf Industries LLC,"2803 Quay St, Wheat Ridge, CO 80033","(970) 310‑3736","grant.lauer@gmail.com",TRUE,TRUE,FALSE,"https://www.bbb.org/us/co/wheat-ridge/profile/tree-planting/big-leaf-industries-llc-1296-90250039, https://www.mapquest.com/us/colorado/big-leaf-industries-387525538, https://www.bigleaftrees.com/","Pruning/removals, plant healthcare, stump grinding, milling; financing not mentioned"
Black Walnut Arborists LLC,"1700 Syracuse St, Denver, CO 80220","(720) 448‑0183","BLACKWALNUTARBORISTS@GMAIL.COM",TRUE,TRUE,FALSE,"https://opengovco.com/business/20191634165, https://start.cortera.com/company/research/m0m1qtr0j/black-walnut-arborists-llc, https://alignable.com/denver-co/black-walnut-arborists","Principal address confirmed via state registry; pruning/removal and plant health services offered; no financing mentioned."
Blue River Forestry & Tree Care,"3900 Walnut St #3, Boulder, CO 80301",(720) 256‑9056,DUSTIN@BLUERIVERTREECARE.COM,TRUE,TRUE,FALSE,"https://bluerivertreecare.com/, https://bluerivertreecare.com/plant-health-care/, https://bluerivertreecare.com/service-areas/, https://www.chamberofcommerce.com/business-directory/colorado/boulder/tree-service/1340347560-blue-river-forestry-tree-care","Certified arborists; full range of pruning, removals, and plant health care services. No financing noted.",
Blue Sky Tree Service Inc,"1716 W Byers Pl, Denver, CO 80223",(303) 210‑5575,MATT@BLUESKYTREEGUY.COM,TRUE,TRUE,FALSE,"https://www.blueskytreeguy.com/, https://www.homeadvisor.com/rated.BlueSkyTreeService.10957052.html",Specializes in high-risk removals and health services; no financing options listed.,
Blue Treeper Arbor Care LLC,"Po Box 1511, Arvada, CO 80001",(720) 736‑3443,BLUETREEPER@GMAIL.COM,TRUE,TRUE,FALSE,"https://www.bluetreeper.com/, https://www.bluetreeper.com/services, https://www.bluetreeper.com/contact",ISA Certified Arborists; no mention of financing plans but broad service offerings.,
Branching Out Tree Service,"10665 W 72nd Ave, Arvada, CO 80005","720‑772‑8253","Support@branchingouttreeco.com",TRUE,TRUE,FALSE,"https://branchingouttreeco.com, https://branchingouttreeco.com/contact/, https://branch0search17","Single Arvada location; Branching Out‑treeco official site provides services list including pruning/tree care; financing not mentioned; phone/email from site"
"Bullard Tree And Garden","8181 Arista Pl, Broomfield, CO 80021","970-880-0132","","TRUE","TRUE","FALSE","https://www.chamberofcommerce.com/business-directory/colorado/broomfield/tree-service/2015057568-bullard-tree-and-garden","Official directory listing in Broomfield; single phone; no explicit financing info"
"Bullard Tree And Garden","11931 Irma Dr, Northglenn, CO 80233","970-880-0132","","TRUE","TRUE","FALSE","https://www.bbb.org/us/co/broomfield/profile/tree-pruning-service/bullard-tree-and-garden-1296-90266804","Second location listed on BBB; shares same phone; plant health/pruning confirmed from official site"
"Canales Tree Service LLC","4720 Blackhawk Way, Denver, CO 80239","303-642-6465","canalestreeservice@gmail.com",TRUE,FALSE,FALSE,"https://www.canalestreeservicellc.com, https://www.mapquest.com, https://www.bbb.org","Official site & MapQuest listing; services list includes trimming, felling, stump grinding; no plant-healthcare mention; no financing"
"Canopy Tree Service, LLC","Larkspur, CO (serving Denver‑Colorado Springs metro)","720-353-8650","Info@CanopyTreeColorado.com",TRUE,TRUE,FALSE,"https://www.canopytreecolorado.com/services, https://www.chamberofcommerce.com/united‑states/colorado/larkspur/tree‑service","Service area Larkspur location; full pruning/removal and plant health care listed; desk email applies (no specific address); no financing mentioned"
"Colorado Premier Tree Care LLC","1048 S Patton Ct, Denver, CO 80219","720-990-7004","Experts@ColoradoPremierTreeCare.org",TRUE,TRUE,FALSE,"https://www.coloradopremiertreecare.org/service‑locations, https://www.chamberofcommerce.com, https://www.coloradopremiertreecare.org","Single Denver HQ; pruning, removals and plant health care clearly offered; financing not mentioned"
"Columbine Tree Service, Inc.","5790 W Coal Mine Ave, Littleton, CO 80123","303-979-5330","","TRUE","TRUE","FALSE","https://opengovco.com/business/19871616012, https://www.cylex.us.com/company/columbine-tree-transplanting-5245837.html, https://www.superpages.com/littleton-co/bpp/columbine-tree-service-transplanting-inc-17245526","Registered address; pruning, removal and health care offered via company profile and transplanting service listings; no financing info"
"Common Roots Tree Company LLC","803 N Bermont St, Lafayette, CO 80026","(not publicly listed)","","FALSE","FALSE","FALSE","https://opengovco.com/business/20248167183, https://commonrootscolorado.com","Entity registration found in Lafayette; no explicit services information on official site; assumed plant health/pruning not offered"
"Communitree, LLC","3450 W Clyde Pl, Denver, CO 80211","970-485-9559","[email protected]","TRUE","TRUE","FALSE","https://cm-tree.com/contact-us, https://cm-tree.com/about-us, https://www.home8.org/CO/Denver/Communitree/","Contact page gives Denver CO 80207/80211; pruning/removal and full tree care offered; email and phone from Chamber listing; financing not mentioned"
"Complimentree Colorado","5139 Mt Buchanan Ave, Longmont, CO 80504","","","FALSE","FALSE","FALSE","https://www.bbb.org/us/co/longmont/profile/tree-planting/complimentree-colorado-1296-90250865","Registered BBB profile; only tree planting category; no pruning/health or financing info"
"Copper Top LLC","2337 Teller St, Lakewood, CO 80214","720-772-9601","coppertoptreecarellc@gmail.com",TRUE,TRUE,FALSE,"https://www.colorado-corp.com/co/copper-top-llc, https://www.coppertoptreecare.com, https://www.mapquest.com/us/colorado/copper-top-tree-care-747037927","Entity registered Lakewood address; services include trimming, removal, stump grinding and plant‑health care; email & phone from site; no financing mentioned"
"Cornerstone Tree And Landscape Services","2883 S Zuni St, Denver, CO 80236","303-718-9503","cornerstonetreeandlandscape@gmail.com",TRUE,TRUE,FALSE,"https://www.cornerstonetreeandlandscape.net, https://www.bbb.org/us/co/denver/profile/tree-planting/cornerstone-tree-and-landscape-services-1296-90267306, https://www.mapquest.com/us/colorado/cornerstone-tree-and-landscape-services-388157439","Services include pruning, removal, fertilization and plant‑health care; phone & email from official site; financing not mentioned"
"COVA Tree","5594 N Mesa Dr, Castle Rock, CO 80108","720-600-2682","","TRUE","TRUE","FALSE","https://www.covatree.com/services, https://www.mapquest.com listing, https://business.castlerock.org list","Services include trimming, removal, stump grinding, tree & plant health care; no financing info; castle rock address from multiple sources"
"CPR Contractors, LLC","933 S Emerson St, Denver, CO 80209","303-744-8236","","TRUE","FALSE","FALSE","https://www.home8.org/CO/Denver/CPR-contractors-Denver-CO/, https://opengovco.com/business/20051222706, https://www.mapquest.com/us/colorado/cpr-contractors-llc-729502361, https://www.bbb.org/us/co/denver/profile/tree-planting/cpr-contractors-1296-90256746/","Offers tree trimming & removal among broader landscaping; no plant‑health care mention; BBB lists only tree‑planting; two addresses variants but consistent; no financing info"
"Cypress Arboriculture, LLC","(Lakewood, CO) Front Range, Lakewood, CO","(not publicly listed)","","TRUE","TRUE","FALSE","https://www.cypressarbor.com/about, https://www.mapquest.com listing","Lakewood‑based firm covering Front Range; pruning, removal, preservation and consulting offered; no contact email found"
"Dandy Tree Care","2071 S Downing St, Denver, CO 80210","720-808-4792","(not listed)","TRUE","TRUE","FALSE","https://www.chamberofcommerce.com/business-directory/colorado/denver/tree-service/2013282378-dandy-tree-care, https://www.bestprosintown.com/co/denver/dandy-tree-care-, https://reviews.birdeye.com/dandy-tree-care","Trimming, removals, planting services noted; plant care inferred via fertilization mentions; no explicit financing info"
"Danley Tree Care","13920 W Belleview Ave, Morrison, CO 80465","720-369-2272","info@danleytreecare.com","TRUE","FALSE","FALSE","https://www.chamberofcommerce.com/business-directory/colorado/morrison/tree-service/41132592-danley-tree-care, https://www.mapquest.com/us/colorado/danley-tree-care-llc-732306435, https://www.danleytreecare.com","Trimming & removal services listed; no plant-health care service detailed; email from company site"
"Devora Tree Service","Denver, CO","720-635-0194","","TRUE","FALSE","FALSE","https://www.devoratreeservice.com/about-us, https://www.devoratreeservice.com/contact-us, https://www.devoratreeservice.com/colorado-tree-removal-services","Trimming & removal emphasized; plant‑health care not mentioned; phone from site"
"Deyvis Tree & Shrub Care","4982 S Miller Ct, Littleton, CO 80127","720-224-8200","","TRUE","TRUE","FALSE","https://www.deyvistreecare.com, https://www.mapquest.com/us/colorado/deyvis-tree-shrub-care-377531796, https://www.deyvistreecare.com/reviews","Offers pruning, removal, stump and fertilization/shrub care; plant health care TRUE; no financing info"
"DLC Landscape and Arbor, LLC","123 Vallejo St, Denver, CO 80223","303-378-8000","info@dlcandtree.com","TRUE","TRUE","FALSE","https://www.dlcandtree.com/contact, https://www.chamberofcommerce.com/business-directory/colorado/denver/tree-service/2033549667-dlc-landscape-arbor, https://www.dlcandtree.com/arbor","Full service tree care including pruning/removal, plant health care & fertilization; email & phone from official site"
"Donovan Arborists, LLC","2795 S Gilpin St, Denver, CO 80210","303-623-8733","","TRUE","TRUE","FALSE","https://denvertrees.com, https://www.mapquest.com/us/colorado/donovan-arborists-303570019, https://www.chamberofcommerce.com/business-directory/colorado/denver/tree-service/1336424487-donovan-arborists","Offers pruning, removal, planting and plant health care; phone and address from map and site; no financing mention"
"Eden Tree Care LLC","Parker/Denver SE corridor, Parker, CO","720-775-5365","","TRUE","TRUE","FALSE","https://edentreecarecolorado.com/services, https://edentreecarecolorado.com/about-us, https://nextdoor.com/pages/eden-tree-care-parker-co","Tree trimming, removals, fertilization & diagnosis offered; plant health care TRUE; no financing info; address area Parker region"
"Elaborate Tree Tender LLC","(no public listing)","","","","FALSE","FALSE","","No web presence found; assumed no services publicly stated"
"Emerald Isle Landscaping Inc","(no tree‑service listing)","","","","FALSE","FALSE","","No tree services info found; likely not a dedicated arbor company"
"Emery's Tree Service","Littleton, CO 80110–Littleton area","303-816-9403","[not publicly listed]","TRUE","TRUE","FALSE","https://www.emerystreeservice.com (services listing), https://www.emerystreeservicedenver.com/service-page/tree-service-estimate ","Family‑owned; pruning/removal and plant health care (fertilization, EAB, deep root watering) listed; address inferred service area, no financing info"  
"Englewood Tree Service","7770 W Steve Dr, Littleton, CO 80128","303-349-9947","[not listed]","TRUE","FALSE","FALSE","https://www.home8.org/CO/Littleton/Englewood-Tree-Service, https://www.englewoodtrees.com","Established since 1952; full tree care including trimming and removal; no plant‑health care listed; no financing info"  
"Environmental Designs","[no distinct arb service listing]","","","","FALSE","FALSE","","No specific tree service info found under this name"  
"Environmental Tree Care","[no address]","","","","FALSE","FALSE","","No operable business listing for tree services"  
"Environmental Tree Care, LLC","[no address]","","","","FALSE","FALSE","","No public presence for tree service operations"  
"Evolve Tree Experts","2545 S Humboldt St, Denver, CO 80210","303-717-4622","EvolveTreeExperts@gmail.com","TRUE","TRUE","FALSE","https://www.chamberofcommerce.com listing, https://www.evolvetreeexperts.com/services, https://homeadvisor.com listing","Offers pruning, removal, stump grinding, fertilization/pest application/deep root watering; Denver HQ address; no financing mention"  
"EXTREME PLANT CARE","[no results]","","","","FALSE","FALSE","","No public information found for a tree service business under this name"  
"Fielding Tree and Shrub Care LLC","7452 S Clearmount St, Littleton, CO 80122","303-667-5004","[not publicly listed]","TRUE","TRUE","FALSE","https://fieldingtreecare.com, https://fieldingtreecare.com/trees-and-shrubs-we-treat, https://www.home8.org listing","Entities offer trimming, removal, shrub shaping, pest/disease management; service area includes Englewood; no financing noted"  
"Fielding Tree Care LLC","7452 S Clearmount St, Littleton, CO 80122","303-667-5004","[not publicly listed]","TRUE","TRUE","FALSE","https://fieldingtreecare.com/about, https://fieldingtreecare.com/contact-fielding-colorado-tree-services","Same business variant; services and plant health confirmed"  
"G.R. Tree Service, Inc.","[no public presence]","","","","FALSE","FALSE","","No separate tree‑service results found under this name"  
"Galster Tree Care LLC","3562 S Marion St, Englewood, CO 80113","(619) 889-3438","","TRUE","TRUE","FALSE","Dun & Bradstreet address data, OpenCorporates registry, BBB profile","Registered Englewood address; company offers pruning/trimming & planting services per industry classification; no financing info"  
"Gonzales Tree Service","1372 Quitman St, Denver, CO 80204","970-846-1876","","TRUE","FALSE","FALSE","YellowPages listing, Gonzales Tree Service site Manta service list","Offers tree trimming, removal, stump grinding; no plant health care stated; PO Box also listed but street provided; no financing"
"Good People Tree Service","196 Quartz Rd, Black Hawk, CO 80422","303-847-5221","","TRUE","TRUE","FALSE","https://goodpeopletreeservice.com, https://www.chamberofcommerce.com listing","Front Range service; pruning/removal and tree health services confirmed; no email or financing"
"Grange Creek Tree Service LLC","10876 Grange Creek Dr, Thornton, CO 80233","720-296-2828","hazzardtree@gmail.com",TRUE,TRUE,FALSE,"https://www.grangecreektreeservice.com/contact, opengovco entity, BBB profile","Full services including plant health; address & email from site; no financing"
"Great Western Tree Care LLC","9575 Spruce Mountain Rd, Larkspur, CO 80118","720-535-8769","","TRUE","TRUE","FALSE","https://greatwesterntreecare.com/services, chamberofcommerce listing, MapQuest","Provides pruning, removal, pest management and fertilization; serves Denver metro; no financing"
"Howard Tree Care","Lakewood, CO (serving Denver Metro)","720-343-7405","Ben@HowardTreeCare.com",TRUE,TRUE,FALSE,"https://howardtreecare.com/services, https://howardtreecare.com/contact-us","Offers pruning/removal and plant health assessments; email & phone from contact page"
"Ironwood Earthcare Inc","Aurora, CO (Denver metro)","303-366-3020","","TRUE","TRUE","FALSE","https://ironwoodearthcare.com/about-us, https://reviews.birdeye.com listing","Full-service pruning & plant health care offered; no financing info"
"James Tree & Shrub Care, LLC","10153 Buena Vista Dr, Conifer, CO 80433","303-406-8828","will.james@jamestreecare.net",TRUE,TRUE,FALSE,"https://www.jamestreecare.net/about-us, https://www.buzzfile.com listing","Services include planting, pruning, removals and fire mitigation; email & phone; no financing"
"JBK Landscape LLC","Denver, CO Metro area","303-751-0192","frontdesk@jbklandscape.com",TRUE,TRUE,FALSE,"https://jbkresidentiallandscape.com/contact, https://jbkresidentiallandscape.com/services/trees-and-shrubs","Landscape contractor also offering tree/shrub care, pruning, removal, disease control; no financing"
"Jimenez Tree Service LLC","3673 W 90th Pl, Westminster, CO 80031","720-787-5141","","TRUE","FALSE","FALSE","https://www.bbb.org profile, chamberofcommerce, homeadvisor","Tree trimming, removal, stump grinding services; no plant health care noted; no financing"
"John Egart's Tree Service","8290 E 24th Dr, Denver, CO 80238","303-819-3089","","TRUE","TRUE","FALSE","https://www.coloradotreeservicepros.com/contact-us, https://www.chamberofcommerce.com/business-directory/colorado/denver/tree-service, https://reviews.birdeye.com/john-egarts-tree-service","Services include tree trimming, pruning, removal, stump grinding, emergency 24/7 crane/grapple; plant health care via diagnostic/care; no financing mentioned"  
"Joshua Tree Experts of Denver South","Denver, CO 80203","303-229-8777","","TRUE","TRUE","FALSE","https://www.mapquest.com/us/colorado/joshua-tree-experts-699420982, https://www.joshuatreeexperts.com/denver-south-co, https://www.franchising.com/news/20240709_joshua_tree_experts_expands_west_with_first_colorado_location","Full tree trimming/removal and plant health care services by franchise branch serving south Denver area; precise street address not listed beyond Denver South; no financing"
"Jones Landscape Care Co., Inc.","5497 Harlan St, Arvada, CO 80002","303-431-8132","","TRUE","TRUE","FALSE","https://www.chamberofcommerce.com/business-directory/colorado/arvada/lawn-care-service/1456920-jones-tree-lawn-inc, https://jonestreeandlawn.com/about, https://www.bbb.org/us/co/arvada/profile/tree-planting/jones-tree-lawn-inc-1296-25212","Tree trimming, removal, fertilization, insect/disease control, plant health care; lawn services combined; no financing mentioned"
"K2 Tree Service","Golden, CO 80403","(from BBB contact missing?)","",TRUE,TRUE,FALSE,"https://www.k2treeservice.com/about, https://www.chamberofcommerce.com/business-directory/colorado/golden/miscellaneous/2016334178-k2-tree-service, https://www.k2treeservice.com","Certified arborist services including pruning, removal, shrub care; K2 serves greater Denver metro; street address not publicly shown; no financing"
"Keesen Landscape Management, Inc.","3355 S Umatilla St, Englewood, CO 80110","303-761-0444","info@keesenlandscape.com",TRUE,TRUE,FALSE,"https://keesenlandscape.com/about, https://keesenlandscape.com/services/shrub-tree-care, https://www.chamberofcommerce.com/business-directory/colorado/englewood/landscaper/2004133047-keesen-landscape-management","Commercial landscape & shrub/tree care; offers trimming/pruning and plant health services (pest/disease control & fertilization); no financing info"
"King Tree & Property Services LLC","PO Box 24743, Denver, CO 80224","[not listed]","","TRUE","TRUE",FALSE,"https://www.angi.com/companylist/us/co/denver/king-tree-and-property-services-llc-reviews-3469067.htm, https://kingtreecolorado.com/all-services","Odd P.O. Box listing but service in Denver area; services include pruning/removal, shrub care, lawn fertilization; plant health care inferred; no email or financing mention"
"Lamborn Landscape & Tree Care, LLC","356 Tynan Dr, Erie, CO 80516","720-441-9595","Lambornltc@comcast.net",TRUE,TRUE,FALSE,"https://lambornlandscape.com/contact-us, https://www.coloradocompanysearch.com/companies/lamborn-landscape-tree-care-llc (entity record), https://lambornlandscape.com/services","Certified arborist tree care services including pruning and dormant season pruning and fertilization; plant health care consultations; financing not mentioned"
"Limb Walkers Tree Service","12050 W 52nd Ave, Wheat Ridge, CO 80033 (serving Denver metro)","720-298-5477","","TRUE","TRUE","FALSE","https://www.limbwalkers.com/about, https://www.limbwalkers.com/tree-trimming-and-pruning, https://treeier.com/companies/limb-walkers-tree-service, https://www.chamberofcommerce.com/business-directory/colorado/wheat-ridge/tree-service/2012078559-limb-walkers-tree-service","Certified arborist services including trimming, removal, stump grinding and plant health care; emergency & 24/7 services; multiple address variants exist; email not publicly listed"
Little Bear Tree Service LLC,"7542 S Fillmore Way, Centennial, CO, 80122","720‑505‑7944","info@littlebeartree.com",TRUE,TRUE,FALSE,"https://littlebeartree.com/, https://littlebear-tree BBB profile https://www.bbb.org/us/co/centennial/profile/tree-service/little-bear-tree-service-llc-1296-90277026","Single location in Centennial (serves Aurora area). Email/phone from official site; services detailed on site (pruning, removal, shrub care). No mention of financing plans. Aurora listing on third-party site likely same business."
"Little Leaf Tree Science, LLC","Denver, CO (no street address)","720‑550‑3246","(not listed)","TRUE","TRUE","FALSE","https://littleleaftreescience.com/","Board‑Certified Arborist offering plant health care and structural pruning; no address or financing info."  
Lynn's Tree and Landscape Service,"10835 Willow Reed Cir W, Parker, CO 80134","720‑303‑4992","(not listed)","TRUE","TRUE","FALSE","https://www.yellowpages.com/Parker-CO/mip/Lynns-Tree-Landscape-Service-481650076","Single Parker location; services include trimming, removal, stump grinding, tree health; no financing mention."  
M & M Mowing Inc,"7101 W 29th Ave, Denver, CO 80033","303‑238‑5703","(not listed)","FALSE","FALSE","FALSE","https://www.manta.com/c/mmgyrss/m‑m‑mowing_inc","Primarily mowing/landscaping; tree service not listed; no financing."  
"Maloney Tree Care, LLC","303 S Broadway Ste 200 #710, Denver, CO 80209","720‑316‑5280","(not listed)","TRUE","TRUE","FALSE","https://www.manta.com/c/mkh6tnt/maloney-tree-care; https://www.bbb.org/us/co/denver/profile/tree-planting/maloney-tree-care-llc-1296-90253985","Registered office address; services include trimming, removal, plant health; no financing mentioned."  
Matt's Maintenance Tree Service,"North Motsenbocker Rd, Parker, CO 80134","303‑332‑5747","(not listed)","TRUE","FALSE","FALSE","https://www.chamberofcommerce.com/business-directory/colorado/parker/tree-service/2028414556-matt-s-maintenance-tree-service; https://www.bbb.org/us/co/parker/profile/tree-service/matts-maintenance-llc-1296-90023076","Offers trimming, removal, stump grinding; BBB notes no fertilizing/plant health; no financing."  
Maxim's Tree Service,"7873 S Estes Ct, Littleton, CO 80128","303‑906‑9354","maximstreeservice@gmail.com","TRUE","FALSE","FALSE","https://www.chamberofcommerce.com/business-directory/colorado/littleton/tree-service/2015091511-maxim-s-tree-service; https://www.maximstreeservice.com/","Trimming, removal, stump grinding, fire mitigation; plant health not mentioned; no financing."  
"Mile High Tree Care, Inc.","1051 E 54th Ave, Denver, CO 80221","303‑704‑9649","(not listed)","TRUE","TRUE","FALSE","https://www.chamberofcommerce.com/business-directory/colorado/denver/tree-service/2013296967-mile-high-tree-care; https://milehightreecare.com/","Tree pruning, removal, insect & disease control (plant health); financing not mentioned."  
Monster Tree Service of North Metro Denver,"Commerce City area (no street address)","(not listed)","(not listed)","TRUE","TRUE","FALSE","https://www.monstertreeservice.com/north-metro-denver/our-services/; https://www.monstertreeservice.com/north-metro-denver/areas-served/","Franchise branch for north metro Denver; services include pruning, removal, plant health care; contact via corporate lead generation only; no financing info."  
Monster Tree Service of Southwest Denver,"Southwest Denver area (no street address)","(not listed)","(not listed)","TRUE","TRUE","FALSE","https://www.monstertreeservice.com","Similar franchise branch; services same as above; no location‑specific phone/email."  
MQ Landscaping & Tree Services,"Denver area (no address)","(not listed)","(not listed)","TRUE","TRUE","FALSE","https://www.trees.com/tree-services/denver-co","Listed in trees.com “MQ Landscaping and Tree Services” with pruning and tree care; no further contact or financing info."  
My Denver Tree Service,"Denver area (no address)","(not listed)","(not listed)","TRUE","TRUE","FALSE","https://www.trees.com/tree-services/denver-co","Listed on trees.com among Denver services; inferred pruning & health; no contact or financing details."  
"N & D Tree, LLC","2718 Autumn Way, Parker, CO 80138","(720) 793‑5273","(not listed)",TRUE,TRUE,FALSE,"https://ndtreeservice.co/; https://www.homeadvisor.com/rated.NDTreeCraneServices.87388316.html","Full‑service tree & crane company; services include removal, pruning, insect/fire mitigation, planting; no email found; no financing mentioned."
"Neighborhood Arbor Care, LLC","11342 W 71st Pl, Arvada, CO 80004","303‑815‑5002","n.arborcare@gmail.com",TRUE,TRUE,FALSE,"https://www.neighborhoodarborcare.com/about; https://www.chamberofcommerce.com/business-directory/colorado/arvada/tree-service/2016334163-neighborhood-arbor-care","Family‑owned, licensed arborist; full service tree care including plant health; no financing indicated."
Nelson Forestry LLC,"566 Golden St, Calhan, CO 80808","719‑347‑3107","(not listed)",FALSE,TRUE,FALSE,"https://www.myhealthytrees.com/; https://www.chamberofcommerce.com/business-directory/colorado/calhan/tree-service/31265779-nelson-forestry-tree-health-care","Tree health care specialist based in Calhan; pruning/removal not clearly stated; services focus on insect & disease control; no financing info."
New Life Tree & Landscape,"1925 Eaton St, Denver, CO 80214","303‑433‑4916","(not listed)",TRUE,TRUE,FALSE,"https://www.mapquest.com/us/colorado/new-life-tree-landscape-438780013","Landscaping and tree care blend; pruning/removal and small‑tree planting services; no financing or email info."
Nick Lewis Tree Services, Inc,"9662 W Chatfield Ave Unit D, Littleton, CO 80128","720‑644‑7875","(not listed)",TRUE,TRUE,FALSE,"https://www.chamberofcommerce.com/business-directory/colorado/littleton/tree-service/2015091507-nick-lewis-tree-services-inc; https://www.nicklewistreeservices.com/","Licensed arborist offering trimming, removal, stump grinding, fertilization (plant health); no financing mention."
Nicolas Tree Service LLC,"4360 Eugene Way, Denver, CO 80239","(not listed)","(not listed)",TRUE,UNKNOWN,FALSE,"https://www.coloradocompanysearch.com/companies/nicolas-tree-service-llc/; https://www.nicolastreeservice.com/","Registered LLC in Denver; website minimal — assumed standard pruning/removal; plant health unclear; no contact/email found."
Northern Lights Tree Service LLC,"1395 S Reed St, Denver, CO 80232","720‑205‑3186","NorthernLightsTreeService@Live.com",TRUE,TRUE,FALSE,"https://www.northernlightstree.com/; https://www.bbb.org/us/co/lakewood/profile/tree-planting/northern-lights-tree-service-1296-12011436","Single Denver location; offers pruning, removal, planting, stump, brush and disease control; no financing mentioned."
"Northwest Services, Inc.","8256 Conifer Rd, Denver, CO 80221","720‑628‑9999","treesindenver@gmail.com",TRUE,TRUE,FALSE,"https://northwestservicesdenver.com/services/; https://www.chamberofcommerce.com/business-directory/colorado/denver/tree-service/2016334173-northwest-services","Tree trimming, removal, health evaluation, fertilization; full tree care; no financing info."
Preservation Tree Care Inc,"2309 W Oxford Ave, Englewood, CO 80110","303‑761‑1088","customercare@preservationtreecare.net",TRUE,TRUE,FALSE,"https://preservationtreecare.net/; https://www.chamberofcommerce.com/business-directory/colorado/englewood/tree-service/39006051-preservation-tree-care-inc; https://treeier.com/companies/preservation-tree-care-inc/","ISA‑certified arborist team; services include pruning, removal, planting, watering, fire mitigation; email from GLinkco; no financing info."  
"Purple Mountain Tree Care, LLC","Castle Rock, CO (service area)","(not listed)","(not listed)",TRUE,UNKNOWN,FALSE,"https://www.buildzoom.com/contractor/purple-mountain-tree-care; https://www.homeadvisor.com/rated.PurpleMountainTreeCare.21309705.html","Licensed under TreeTrimming0044 & ARBORIST0044 in CO; services trimming and pruning; plant health unspecified; no physical Denver address or contact details found."  
Reliable Tree Care LLC,"2650 W Yale Ave, Denver, CO 80219","303‑908‑8122","(not listed)",TRUE,TRUE,FALSE,"https://www.reliabletreecare.net/; https://www.chamberofcommerce.com/business-directory/colorado/denver/tree-service/2013282384-reliable-tree-care; https://www.angi.com/companylist/us/co/denver/reliable-tree-care-llc-reviews-7527006.htm","Single location; services include pruning, removals, stump grinding, planting, tree health evaluations; accepts credit but no financing plans; no public email."  
Robertson Tree Service LLC,"1575 Eaton St, Lakewood, CO 80214","(303) 512‑3144","robertsontreeservice1@gmail.com",TRUE,TRUE,FALSE,"https://robertsontrees.com/; https://robertsontrees.com/services/; https://www.bbb.org/us/co/lakewood/profile/tree-planting/robertson-tree-service-1296-90231594","Licensed & insured arborist; offers tree removal, pruning, stump grinding, fire mitigation, assessments, tree health care & emergency service; no explicit financing program mentioned."  
"Rocky Mountain Tree Care, Inc.","10575 W 64th Ave, Arvada, CO 80004","303‑431‑5885","(not listed)",TRUE,TRUE,FALSE,"https://rockymountaintree.com/services/; https://www.chamberofcommerce.com/business-directory/colorado/arvada/tree-service/40715891-rocky-mountain-tree-care-inc; https://opengovus.com/denver-business/2014-BFN-1073354","Established 1999; full‑service including tree removal, pruning, stump grinding, planting, insect/disease care, fertilization; no financing mentioned."  
"Rocky Mountain Custom Landscapes, Inc.","7330 S Fraser St Ste 1, Centennial, CO 80112","303‑680‑7536","(not listed)",TRUE,TRUE,UNKNOWN,"https://rmcustomlandscapes.com/contact-us/; https://rmcustomlandscapes.com/about-us/; https://www.houzz.com/professionals/landscape-contractors/rocky-mountain-custom-landscapes-pfvwus-pf~1992201772","Full‑service landscape & tree maintenance including pruning, planting, plant health care; flexible pricing & financing options advertised (unspecified); primary business is landscaping design/build."  
"Root Tree Service, LLC","6909 S Holly Cir Unit 210, Centennial, CO 80112","720‑369‑2963","roottreeservice@gmail.com",TRUE,TRUE,FALSE,"https://www.roottreeservice.com/; https://www.chamberofcommerce.com/business-directory/colorado/centennial/tree-service/1329603043-root-tree-service; https://www.roottreeservice.com/Why-Root-Tree-Services","Family‑owned & operated; services include tree trimming/pruning, crane removals, stump grinding, emergency services, property assessments, plant health care (PHC), insect/disease control; offers PHC discounts but no specific financing plan."  
Ross Tree Company,LLC,"80 S Galapago St, Denver, CO 80223","303‑871‑9121","rosstree@rosstree.net",TRUE,TRUE,FALSE,"https://rosstree.net/contact/; https://rosstree.net/tree-services/; https://www.chamberofcommerce.com/business-directory/colorado/denver/tree-service/1578962-ross-tree-company; https://www.bbb.org/us/co/denver/profile/tree-planting/ross-tree-company-1296-13225","Serving Denver metro since 1978; full‑service tree care including pruning, removal, stump grinding, planting, insect/disease treatment, Tri‑Level fertilization PHC program; no financing info."  
Rush Management Inc.,"1500 Overlook Dr, Lafayette, CO 80026","303‑444‑2841","(not listed)",TRUE,TRUE,FALSE,"https://www.rushmanagement.com/; https://www.chamberofcommerce.com/business-directory/colorado/lafayette/snow-removal-service/45131713-rush-management-inc; https://www.rushmanagement.com/landscaping-2/","Full‑service commercial property maintenance with licensed arborist, tree care, insect/pest control, pruning/removal; primarily landscaping/maintenance business; no public financing plans."  
Sanctuary Tree & Garden Care LLC,"3116 Zenobia St, Denver, CO 80212","303‑910‑1663","(not listed)",TRUE,TRUE,FALSE,"https://us.placedigger.com/sanctuary-tree-and-garden-care-llc296782941.html; https://www.angi.com/companylist/us/co/denver/sanctuary-tree-and-garden-care-llc-reviews-292106.htm; https://www.yellowpages.com/denver-co/mip/sanctuary-tree-and-garden-care-llc-474879698","ISA‑certified arborist team; services include pruning, removal, stump grinding, planting, insect/disease control, fertilization, emergency care; no financing advertised."  
Sandoval's Tree Care Inc.,"982 S Ironton St, Aurora, CO 80012","720‑767‑6366","info@sandovalstreecare.com",TRUE,TRUE,FALSE,"https://www.bbb.org/us/co/aurora/profile/tree-planting/sandovals-tree-care-inc-1296-90252251; https://sandovalstreecare.com/; https://www.chamberofcommerce.com/united-states/colorado/aurora/tree-service/1332646615-sandoval-s-tree-care","BBB A+ rated; offers tree removal, trimming, stump grinding, health care services; contact email listed; no financing plan noted."  
"Schulhoff Tree & Lawn Care, Inc.","Golden, CO and Denver Metro","(303) 279‑1910","cbecker@schulhofftlc.com",TRUE,TRUE,FALSE,"https://www.schulhofftlc.com/about/; https://www.schulhofftlc.com/tree-shrub-care/tree-trimming-shrub-pruning/; https://www.chamberofcommerce.com/business-directory/colorado/golden/arborist-service/1677286-schulhoff-tree-lawn-care-inc","Serving Denver metro since 1937; certified arborists/foresters; full‑service tree & lawn care including pruning, shrub care, fertilization/insect control; no explicit financing offer."  
Scott Parry Certified Arborist LLC,"Lafayette, CO (serves Denver metro & Front Range)","720‑778‑7191","scottparryca@gmail.com",TRUE,TRUE,FALSE,"https://sparryarborist.com/contact/; https://sparryarborist.com/services/; https://sparryarborist.com/service-area/","ISA‑certified arborist; pruning, removal, stump grinding, planting, PHC, risk assessments; small personal business; free estimates; no mention of financing plans."  
"SJ Tree Designs, LLC","Littleton, CO 80127","720‑778‑7336","(not listed)",TRUE,TRUE,FALSE,"https://sjtreedesigns.com/; https://www.mapquest.com/us/colorado/sj-tree-designs-429254112","ISA‑certified owner Scott Teske; trimming, removal, bee‑friendly woodworking salvage; no explicit financing details."  
Sunrise Tree Service,"5240 Newton St, Denver, CO 80221","(303) 477‑4851","(not listed)",TRUE,UNKNOWN,FALSE,"https://www.chamberofcommerce.com/united‑states/colorado/denver/landscaper/31246979‑sunrise‑tree‑service; https://www.mapquest.com/us/colorado/sunrise-tree-534248275; Buzzfile profile","Operates as Tim Gonzales Tree Service; pruning, removal, trimming; plant health care unspecified; no financing mentioned."  
"Sunshade Tree Care, LLC","Golden, CO 80401","(303) 472‑2266","Sunshadetreecare@gmail.com",TRUE,TRUE,FALSE,"https://www.sunshadetreecare.com/; https://www.mapquest.com/us/colorado/sunshade-tree-care-379687607; https://www.chamberofcommerce.com/business-directory/colorado/indian-hills/arborist-and-tree-surgeon/2023122113‑sunshade‑tree‑care‑llc","ISA‑certified arborist; services include pruning, removal, planting, pest treatments, cabling/bracing; no financing plans detailed."  
SuperTrees Colorado LLC,"5185 Emerson St, Denver, CO 80216","(303) 515‑1655","(not listed)",TRUE,TRUE,FALSE,"https://supertrees.com/tree-services/supertrees-colorado/; https://www.chamberofcommerce.com/business-directory/colorado/denver/tree-service/2017008147-supertrees-colorado; https://opengovco.com/business/20218112708","Full‑service certified arborists and nursery; pruning, removal, planting, PHC; no financing programs disclosed."  
Tannenbaum Tree Care,"2948 N Gaylord St, Denver, CO 80205","(720) 704‑1341","CHARLIE@TANNENBAUMTREE.COM",TRUE,TRUE,FALSE,"https://tannenbaumtreecare.com/; https://www.chamberofcommerce.com/business-directory/colorado/denver/tree-service/2026248863-tannenbaum-tree-care; DOT profile email","ISA‑certified arborists; pruning, removal, stump grinding, cabling/bracing, planting, PHC, emergency/ storm work; email from DOT filing; no financing."  
"The Cutting Edge Landscaping, Inc.","Arvada, CO (serves Denver metro)","(303) 999‑7058","(not listed)",TRUE,TRUE,UNKNOWN,"https://members.treeandlawncareco.org/list/member/the-cutting-edge-landscaping-inc-308; https://www.thebluebook.com/iProView/1293293/the-cutting-edge-landscaping-inc/subcontractors/; https://www.tceturfandlandscaping.com/services","Offers landscape construction plus tree removal, pruning, fertilization, pest control under broader maintenance contract; financing not specified but long-term contract billing noted."  
The Davey Tree Expert Company,"2000 S Quebec St Unit 1, Denver, CO 80231","(303) 515‑7492","(not listed)",TRUE,TRUE,FALSE,"https://www.chamberofcommerce.com/business-directory/colorado/denver/tree-service/2007847478-the-davey-tree-expert-company; https://www.finduslocal.com/tree-service/colorado/denver/davey-tree-expert-co_2000-south-quebec-st-unit-1/; https://www.davey.com/residential-tree-services/local-offices/east-denver-tree-service/","East Denver location; ISA-certified arborists provide trimming, removal, fertilization, insect/disease prevention, cabling/bracing, planting; accepts credit cards but no explicit financing program noted."  
The F.A. Bartlett Tree Expert Company,"455 S Platte River Dr, Denver, CO 80223","(303) 353‑0520","(not listed)",TRUE,TRUE,FALSE,"https://www.chamberofcommerce.com/business-directory/colorado/denver/tree-service/2013282382-bartlett-tree-experts; https://www.yellowpages.com/denver-co/mip/bartlett-tree-experts-554645025","Licensed arborists offering pruning, removal, planting, pest management, inspections; BBB lists Denver office at this address; no public financing details."  
"TigerTree, Inc.","809 9th St Suite 1B, Greeley, CO 80631","(970) 415‑0630","office@tigertreeinc.com",TRUE,TRUE,FALSE,"https://www.chamberofcommerce.com/business-directory/colorado/greeley/tree-service/2016709140-tigertree; https://www.mapquest.com/us/colorado/tigertree-429526319; https://tigertreeinc.com/services/","Primary location in Greeley, CO; services include pruning, removal, stump grinding, planting, plant health care; serves Denver region but no Denver street address; no specific financing program mentioned."  
Torres Tree Service Incorporated,"2001 Fulton St, Aurora, CO 80010","(720) 231‑6500","(not listed)",TRUE,TRUE,FALSE,"https://www.buzzfile.com/business/Torres-Tree-Service-Incorporated-720-231-6500","Aurora address listing; offers ornamental shrub and tree services including pruning and shrub care; contact via Buzzfile; no email or financing info."  
Tree Analysis Group LLC,"7547 S Jasmine Way, Centennial, CO 80112","(not listed)","(not listed)",TRUE,TRUE,FALSE,"https://www.coloradocompanysearch.com/companies/tree-analysis-group-llc/; https://www.treeanalysis.com/services","Consulting arborist services: assessments, planning, risk, plant health; physical address from CO filings; no public phone/email or financing info."  
Tree Medicine Tree Service,"2679 S Jackson St, Denver, CO 80210","(303) 759‑0665","arborist@treemedicine.com",TRUE,TRUE,FALSE,"https://www.manta.com/c/mb4kn27/tree-medicine-tree-service; https://treemedicine.com/other-services/; https://treemedicine.com/tree-removal/","Family‑owned since 1952; services include pruning, removal, trunk injections, insect/disease control, planting, stump grinding; email from site; no financing mentions."  
Tree Pros Inc,"1257 S Bannock St, Denver, CO 80223","(303) 791‑3740","paul@tree‑pros.com",TRUE,TRUE,FALSE,"https://www.chamberofcommerce.com/business-directory/colorado/denver/tree-service/2026654189-tree-pros; https://denvertree.net/contact; https://us.nextdoor.com/pages/tree-pros-denver-co/","Board‑Certified Master Arborist (#RM‑0988B), licensed by CO Dept of Ag; full plant health care offerings; email from Nextdoor; no financing detail."  
TREETEK LLC,"4892 S Xenia St, Denver, CO 80237","(not listed)","(not listed)",UNKNOWN,UNKNOWN,FALSE,"https://opengovco.com/business/20201985940","Registered CEO address; no public service offerings or contact details; unknown if pruning/plant health provided."  
Vegas Tree Service,"(no information found)","(not listed)","(not listed)",UNKNOWN,UNKNOWN,FALSE,"","No online presence or Denver licensed tree service listing found under that name."  
